{"cameraMode":{"drawMode":0,"name":"Shaded","section":"Shading Mode"},"sceneLighting":false,"audioPlay":false,"sceneViewState":{"m_AlwaysRefresh":false,"showFog":true,"showSkybox":false,"showFlares":true,"showImageEffects":true,"showParticleSystems":true,"showVisualEffectGraphs":true,"m_FxEnabled":true},"in2DMode":false,"pivot":{"x":0.23033423721790315,"y":0.24818813800811768,"z":0.05691417679190636},"rotation":{"x":0.16405266523361207,"y":-0.07740435749292374,"z":0.012934566475450993,"w":0.9833590388298035},"size":0.8660253882408142,"orthographic":false}