{"cameraMode":{"drawMode":0,"name":"Shaded","section":"Shading Mode"},"sceneLighting":false,"audioPlay":false,"sceneViewState":{"m_AlwaysRefresh":false,"showFog":true,"showSkybox":false,"showFlares":true,"showImageEffects":true,"showParticleSystems":true,"showVisualEffectGraphs":true,"m_FxEnabled":true},"in2DMode":false,"pivot":{"x":499.9246826171875,"y":478.2611389160156,"z":0.25263234972953799},"rotation":{"x":0.0006131765549071133,"y":-0.11654552817344666,"z":0.000041909363062586635,"w":-0.9932751059532166},"size":568.0299072265625,"orthographic":false}